url,votes,time,comments,title
https://www.reddit.com/r/CryptoCurrency/comments/jlms8m/please_vote_on_moon_distribution_proposals/,59,7 years,84 comments,PLEASE VOTE ON MOON DISTRIBUTION PROPOSALS
https://www.reddit.com/r/CryptoCurrency/comments/jmzoad/daily_discussion_november_3_2020_gmt0/,‚Ä¢,2 days ago,128 comments,"Daily Discussion - November 3, 2020 (GMT+0)"
https://www.reddit.com/r/CryptoCurrency/comments/jmo8s8/lol_centralised_shitcoin_tron_has_attacked_and/,714,1 hour ago,272 comments,"LOL Centralised Shitcoin! TRON has attacked and block production halted. Entire network was halted by one ""super delegate"""
https://www.reddit.com/r/CryptoCurrency/comments/jmtjm7/microstrategy_now_owns_half_a_billion_worth_of/,83,11 hours ago,40 comments,MicroStrategy now owns half a billion worth of Bitcoin
https://www.reddit.com/r/CryptoCurrency/comments/jmnilr/venezuela_to_incorporate_bitcoin_into_remittance/,109,6 hours ago,53 comments,"Manage databases, deploy web apps, and analyze datasets with Azure. What will you build?"
https://www.reddit.com/r/CryptoCurrency/comments/jmrcgk/moon_farmers_ganged_up/,103,12 hours ago,86 comments,Venezuela to Incorporate Bitcoin into Remittance Platform
https://www.reddit.com/r/CryptoCurrency/comments/jmzt43/paypal_plans_a_much_wider_embrace_of/,44,8 hours ago,12 comments,Moon farmers Ganged Up
https://www.reddit.com/r/CryptoCurrency/comments/jmv6hr/8_things_you_need_to_know_about_the_dark_side_of/,‚Ä¢,1 hour ago,8 comments,"PayPal plans a much wider embrace of cryptocurrency, including Venmo use"
https://www.reddit.com/r/CryptoCurrency/comments/jmu23o/from_14k_to_4_billion_defi_king_uniswap_marks_2/,20,5 hours ago,4 comments,"8 Things You Need To Know About The Dark Side Of The World's Biggest Banks, As Revealed In The FinCEN Files"
https://www.reddit.com/r/CryptoCurrency/comments/jmqrkp/vote_to_add_moons_to_blockfolio/,22,6 hours ago,51 comments,From $14K to $4 Billion: DeFi King Uniswap Marks 2 Year Anniversary
https://www.reddit.com/r/CryptoCurrency/comments/jmvk62/brave_browser_number_of_monthly_users_increases/,34,9 hours ago,9 comments,Vote to Add MOONs to Blockfolio
https://www.reddit.com/r/CryptoCurrency/comments/jmympx/coinbase_or_kraken_for_cryptonoob/,16,5 hours ago,21 comments,Brave Browser: Number of monthly users increases 130% in 1 year
https://www.reddit.com/r/CryptoCurrency/comments/jmps6s/investors_take_on_why_bitcoin_may_hit_1m_and_top/,8,2 hours ago,40 comments,Coinbase or Kraken for Cryptonoob?
https://www.reddit.com/r/CryptoCurrency/comments/jmpdi5/use_of_chinas_digital_yuan_nears_300_million/,30,9 hours ago,13 comments,Investors take on why bitcoin may hit $1M and top gold‚Äôs market cap
https://www.reddit.com/r/CryptoCurrency/comments/jmqt5m/lightning_pool_is_open_for_business_lease/,28,10 hours ago,5 comments,Use of China‚Äôs Digital Yuan Nears $300 Million
https://www.reddit.com/r/CryptoCurrency/comments/jmkroo/cayman_islands_announces_legal_framework_in_bid/,20,9 hours ago,12 comments,"Lightning Pool Is Open for Business: Lease Liquidity, Earn Returns, Stack Sats"
https://www.reddit.com/r/CryptoCurrency/comments/jmrrcb/australia_to_explore_blockchain_central_bank/,74,15 hours ago,8 comments,Cayman Islands Announces Legal Framework in Bid to Attract Crypto Businesses
https://www.reddit.com/r/CryptoCurrency/comments/jmpgy2/dirty_money_pours_into_the_worlds_most_powerful/,17,8 hours ago,31 comments,Australia to explore blockchain central bank digital currency üè¶
https://www.reddit.com/r/CryptoCurrency/comments/jmwbpy/what_was_going_through_your_head_when_you_first/,‚Ä¢,10 hours ago,54 comments,Introducing the Bitrefill Rewards Program! üöÄ Now you can get Sats back on any item from Bitrefill‚Äôs catalog of more than 2500 gift cards and mobile refills.
https://www.reddit.com/r/CryptoCurrency/comments/jmwwu8/no_such_thing_as_coincidence/,22,4 hours ago,11 comments,"Dirty money pours into the world‚Äôs most powerful banks. And then it's washed. Again and again. || The FinCEN Files investigation shows that even after they were prosecuted or fined for financial misconduct, major banks continued to move money for suspected criminals."
https://www.reddit.com/r/CryptoCurrency/comments/jmlmri/the_revolution_will_not_be_telling_lies/,9,3 hours ago,15 comments,What was going through your head when you first bought into crypto?
https://www.reddit.com/r/CryptoCurrency/comments/jmjojf/useful_resources_for_a_blockchain_i_gathered_as_a/,7,14 hours ago,19 comments,No such thing as coincidence
https://www.reddit.com/r/CryptoCurrency/comments/jmyt3x/billionaire_jeffrey_gundlach_greenlight_bitcoin/,34,17 hours ago,2 comments,The revolution will not be telling lies
https://www.reddit.com/r/CryptoCurrency/comments/jmt1yl/what_is_the_benefit_of_pow_over_pos_in_relation/,52,2 hours ago,6 comments,Useful resources for a blockchain I gathered as a newcomer
https://www.reddit.com/r/CryptoCurrency/comments/jmml2r/a_look_into_monero_and_privacy_coins_from_a_third/,3,7 hours ago,46 comments,Billionaire Jeffrey Gundlach Greenlight Bitcoin
https://www.reddit.com/r/CryptoCurrency/comments/jmu2uc/vault_with_regards_to_singing_out/,7,13 hours ago,17 comments,What is the benefit of PoW over PoS in relation to an electronic e-cash system??
https://www.reddit.com/r/CryptoCurrency/comments/jmlr1o/hardware_wallet/,19,6 hours ago,44 comments,A look into Monero (and privacy coins) from a Third World Country person point of view
